temperature,top_p,n,validity_rate,n_valid,unique_rate,n_exact_duplicates,effective_diversity,largest_family,mean_length,min_length,max_length,seconds,sec_per_seq
0.8,0.85,50,1.0,50,1.0,0,0.94,4,22.64,12,50,25.2,0.503
0.8,0.9,50,1.0,50,1.0,0,0.98,2,22.92,11,50,25.1,0.502
0.8,0.95,50,1.0,50,1.0,0,0.98,2,24.2,11,50,26.3,0.526
1.0,0.85,50,1.0,50,1.0,0,0.98,2,20.2,9,50,22.1,0.441
1.0,0.9,50,1.0,50,1.0,0,1.0,1,21.96,9,50,24.0,0.48
1.0,0.95,50,1.0,50,1.0,0,1.0,1,20.34,8,46,23.0,0.461
1.2,0.85,50,1.0,50,1.0,0,1.0,1,20.66,8,45,23.6,0.472
1.2,0.9,50,1.0,50,1.0,0,1.0,1,20.28,8,50,23.2,0.464
1.2,0.95,50,1.0,50,1.0,0,1.0,1,19.96,8,43,22.3,0.447
